English,Spanish
aids,SIDA
am,soy
african,africano
african-american,afroamericano
american,americano
arab,árabe
asian,asiático
bible,Biblia
british,británico
ceo,director ejecutivo
canadian,canadiense
catholic,católico
chinese,chino
christian,cristiano
christianity,cristianismo
christmas,Navidad
congress,congreso
cuban,cubano
dna,adn
democrat,demócrata
dutch,holandés
english,inglés
european,europeo
french,francés
german,alemán
god,dios
greek,griego
hispanic,hispano
i,i
indian,indio
internet,Internet
iraqi,iraquí
irish,irlandés
islam,islam
islamic,islámico
israeli,israelí
italian,italiano
japanese,japonés
jew,judío
jewish,judío
korean,coreano
latin,latín
mexican,mexicano
mr,señor
mrs,señora
ms,EM
muslim,musulmán
ok,OK
olympic,olímpico
olympics,Juegos Olímpicos
pc,ordenador personal
pm,p.m
palestinian,palestino
persian,persa
republican,republicano
roman,romano
russian,ruso
senate,senado
soviet,soviet
spanish,español
supreme,supremo
t-shirt,camiseta
tv,televisor
thanksgiving,acción de gracias
united,unido
a,a
abandon,abandonar
ability,capacidad
able,capaz
abortion,aborto provocado
about,acerca de
above,arriba
abroad,en el extranjero
absence,ausencia
absolute,absoluto
absolutely,absolutamente
absorb,absorber
abstract,abstracto
abuse,abuso
academic,académico
accelerate,acelerar
accent,acento
accept,aceptar
acceptable,aceptable
acceptance,aceptación
access,acceso
accessible,accesible
accident,accidente
accommodate,acomodar
accompany,acompañar
accomplish,lograr
accomplishment,logro
according,de acuerdo a
account,cuenta
accountability,responsabilidad
accounting,contabilidad
accuracy,exactitud
accurate,preciso
accurately,exactamente
accusation,acusación
accuse,acusar
achieve,lograr
achievement,logro
acid,ácido
acknowledge,reconocer
acquire,adquirir
acquisition,adquisición
across,al otro lado de
act,acto
action,acción
active,activo
actively,activamente
activist,activista
activity,actividad
actor,actor
actress,actriz
actual,actual
actually,de hecho
ad,anuncio
adapt,adaptar
add,agregar
added,agregado
addition,suma
additional,adicional
address,DIRECCIÓN
adequate,adecuado
adjust,ajustar
adjustment,ajuste
administer,administrar
administration,administración
administrative,administrativo
administrator,administrador
admire,admirar
admission,admisión
admit,admitir
adolescent,adolescente
adopt,adoptar
adoption,adopción
adult,adulto
advance,avance
advanced,avanzado
advantage,ventaja
adventure,aventura
advertising,publicidad
advice,consejo
advise,aconsejar
adviser,asesor
advocate,defensor
aesthetic,estético
affair,amorío
affect,afectar
afford,poder pagar
afraid,asustado
after,después
afternoon,tarde
afterward,después
again,de nuevo
against,contra
age,edad
agency,agencia
agenda,orden del día
agent,agente
aggression,agresión
aggressive,agresivo
ago,atrás
agree,aceptar
agreement,acuerdo
agricultural,agrícola
agriculture,agricultura
ah,ah
ahead,adelante
aid,ayuda
aide,ayudante
aim,apuntar
air,aire
aircraft,aeronave
airline,aerolínea
airplane,avión
airport,aeropuerto
aisle,pasillo
alarm,alarma
album,álbum
alcohol,alcohol
alien,extranjero
alike,similar
alive,vivo
all,todo
allegation,alegación
alleged,presunto
allegedly,pretendidamente
alley,callejón
alliance,alianza
allow,permitir
ally,aliado
almost,casi
alone,solo
along,a lo largo de
alongside,junto a
already,ya
also,también
alter,alterar
alternative,alternativa
although,a pesar de
altogether,en total
aluminum,aluminio
always,siempre
amazing,asombroso
ambassador,embajador
ambition,ambición
ambitious,ambicioso
amendment,enmienda
amid,en medio de
among,entre
amount,cantidad
analysis,análisis
analyst,analista
analyze,analizar
ancestor,antepasado
ancient,antiguo
and,y
and/or,y/o
angel,ángel
anger,enojo
angle,ángulo
angry,enojado
animal,animal
ankle,tobillo
anniversary,aniversario
announce,anunciar
announcement,anuncio
annual,anual
annually,anualmente
anonymous,anónimo
another,otro
answer,respuesta
anticipate,anticipar
anxiety,ansiedad
anxious,ansioso
any,cualquier
anybody,cualquiera
anymore,ya no
anyone,alguien
anything,cualquier cosa
anyway,de todos modos
anywhere,en cualquier lugar
apart,aparte
apartment,departamento
apologize,disculparse
apology,disculpa
apparent,aparente
apparently,aparentemente
appeal,apelar
appear,aparecer
appearance,apariencia
apple,manzana
application,solicitud
apply,aplicar
appoint,nombrar
appointment,cita
appreciate,agradecer
appreciation,apreciación
approach,acercarse
appropriate,adecuado
approval,aprobación
approve,aprobar
approximately,aproximadamente
architect,arquitecto
architecture,arquitectura
area,área
arena,arena
argue,argumentar
argument,argumento
arise,surgir
arm,brazo
armed,armado
army,ejército
around,alrededor
arrange,arreglar
arrangement,acuerdo
array,formación
arrest,detención
arrival,llegada
arrive,llegar
arrow,flecha
art,arte
article,artículo
articulate,articular
artifact,artefacto
artificial,artificial
artist,artista
artistic,artístico
as,como
ash,ceniza
aside,aparte
ask,preguntar
asleep,dormido
aspect,aspecto
ass,culo
assault,agresión
assemble,armar
assembly,asamblea
assert,afirmar
assess,evaluar
assessment,evaluación
asset,activo
assign,asignar
assignment,asignación
assist,asistir
assistance,asistencia
assistant,asistente
associate,asociado
associated,asociado
association,asociación
assume,asumir
assumption,suposición
assure,asegurar
astronomer,astrónomo
at,en
athlete,atleta
athletic,atlético
atmosphere,atmósfera
atop,encima
attach,adjuntar
attack,ataque
attempt,intentar
attend,asistir
attendance,asistencia
attention,atención
attitude,actitud
attorney,abogado
attract,atraer
attraction,atracción
attractive,atractivo
attribute,atributo
auction,subasta
audience,audiencia
aunt,tía
author,autor
authority,autoridad
authorize,autorizar
auto,auto
automatic,automático
automatically,automáticamente
automobile,automóvil
autonomy,autonomía
availability,disponibilidad
available,disponible
average,promedio
avoid,evitar
await,esperar
awake,despierto
award,otorgar
aware,consciente
awareness,conciencia
away,lejos
awful,horrible
baby,bebé
back,atrás
background,fondo
backyard,patio interior
bacteria,bacterias
bad,malo
badly,gravemente
bag,bolsa
bake,hornear
balance,balance
balanced,equilibrado
ball,pelota
balloon,globo
ballot,votación
ban,prohibición
banana,banana
band,banda
bank,banco
banker,banquero
banking,bancario
bar,bar
bare,desnudo
barely,apenas
barn,granero
barrel,barril
barrier,barrera
base,base
baseball,béisbol
basement,sótano
basic,básico
basically,básicamente
basis,base
basket,cesta
basketball,baloncesto
bat,murciélago
bath,baño
bathroom,baño
battery,batería
battle,batalla
bay,bahía
be,ser
beach,playa
beam,haz
bean,frijol
bear,oso
beard,barba
beast,bestia
beat,derrotar
beautiful,hermoso
beauty,belleza
because,porque
become,convertirse
bed,cama
bedroom,dormitorio
bee,abeja
beef,carne de res
beer,cerveza
before,antes
beg,mendigar
begin,comenzar
beginning,comienzo
behalf,beneficio
behave,comportarse
behavior,comportamiento
behavioral,conductual
behind,detrás
being,ser
belief,creencia
believe,creer
bell,campana
belly,barriga
belong,pertenecer
below,abajo
belt,cinturón
bench,banco
bend,doblar
beneath,bajo
benefit,beneficio
beside,al lado de
besides,además
best,mejor
bet,apuesta
better,mejor
between,entre
beyond,más allá de
bias,inclinación
bicycle,bicicleta
bid,licitación
big,grande
bike,bicicleta
bill,factura
billion,mil millones
bind,unir
biography,biografía
biological,biológico
biology,biología
bird,pájaro
birth,nacimiento
birthday,cumpleaños
bishop,obispo
bit,poco
bite,morder
bitter,amargo
black,negro
blade,cuchilla
blame,culpa
blank,blanco
blanket,frazada
blast,explosión
blend,mezcla
bless,bendecir
blessing,bendición
blind,ciego
blink,parpadear
block,bloquear
blond,rubio
blood,sangre
bloody,sangriento
blow,explotar
blue,azul
board,junta
boast,alarde
boat,bote
body,cuerpo
boil,hervir
bold,atrevido
bolt,tornillo
bomb,bomba
bombing,bombardeo
bond,vínculo
bone,hueso
bonus,prima
book,libro
boom,auge
boost,aumentar
boot,bota
booth,puesto
border,borde
boring,aburrido
born,nacido
borrow,pedir prestado
boss,jefe
both,ambos
bother,molestar
bottle,botella
bottom,abajo
bounce,rebotar
boundary,límite
bow,arco
bowl,bol
box,caja
boy,chico
boyfriend,novio
brain,cerebro
brake,freno
branch,rama
brand,marca
brave,corajudo
bread,pan
break,romper
breakfast,desayuno
breast,mama
breath,aliento
breathe,respirar
breathing,respiración
breeze,brisa
brick,ladrillo
bride,novia
bridge,puente
brief,breve
briefly,brevemente
bright,brillante
brilliant,brillante
bring,traer
broad,amplio
broadcast,transmisión
broken,roto
broker,corredor
bronze,bronce
brother,hermano
brown,marrón
brush,cepillar
brutal,brutal
bubble,burbuja
buck,dólar
bucket,balde
buddy,compañero
budget,presupuesto
bug,bicho
build,construir
builder,constructor
building,edificio
bulb,bulbo
bulk,a granel
bull,toro
bullet,bala
bunch,racimo
burden,carga
bureau,oficina
burn,quemar
burning,incendio
burst,explosión
bury,enterrar
bus,autobús
bush,arbusto
business,negocio
businessman,hombre de negocios
busy,ocupado
but,pero
butt,culata
butter,manteca
butterfly,mariposa
button,botón
buy,comprar
buyer,comprador
by,por
cab,taxi
cabin,cabina
cabinet,gabinete
cable,cable
cage,jaula
cake,pastel
calculate,calcular
calculation,cálculo
calendar,calendario
call,llamar
calm,calma
camera,cámara
camp,acampar
campaign,campaña
campus,campus
can,poder
cancel,Cancelar
cancer,cáncer
candidate,candidato
candle,vela
candy,dulce
canvas,lienzo
cap,tapa
capability,capacidad
capable,capaz
capacity,capacidad
capital,capital
captain,capitán
capture,captura
car,auto
carbohydrate,carbohidrato
carbon,carbón
card,tarjeta
care,cuidado
career,carrera
careful,cuidadoso
carefully,con cuidado
cargo,carga
carpet,alfombra
carrier,transportador
carrot,zanahoria
carry,llevar
cart,carro
cartoon,dibujos animados
carve,esculpir
case,caso
cash,dinero
casino,casino
cast,elenco
casual,casual
casualty,víctima
cat,gato
catalog,catalogar
catch,atrapar
category,categoría
cattle,ganado
cause,causa
cave,cueva
cease,cesar
ceiling,techo
celebrate,celebrar
celebration,celebración
celebrity,celebridad
cell,celúla
cemetery,cementerio
center,centro
central,central
century,siglo
ceremony,ceremonia
certain,cierto
certainly,ciertamente
chain,cadena
chair,silla
chairman,presidente
challenge,desafío
chamber,cámara
champion,campeón
championship,campeonato
chance,oportunidad
change,cambiar
changing,cambio
channel,canal
chaos,caos
chapter,capítulo
character,personaje
characteristic,característica
characterize,caracterizar
charge,cargar
charity,caridad
charm,encanto
chart,cuadro
charter,carta
chase,perseguir
cheap,barato
cheat,engañar
check,controlar
cheek,mejilla
cheer,alegría
cheese,queso
chef,cocinero
chemical,químico
chemistry,química
chest,pecho
chew,masticar
chicken,pollo
chief,jefe
child,niño
childhood,infancia
chill,enfriar
chin,mentón
chip,chip
chocolate,chocolate
choice,elección
cholesterol,colesterol
choose,elegir
chop,cortar
chronic,crónico
chunk,pedazo
church,iglesia
cigarette,cigarrillo
circle,círculo
circuit,circuito
circumstance,circunstancia
cite,citar
citizen,ciudadano
citizenship,ciudadanía
city,ciudad
civic,cívico
civil,civil
civilian,civil
civilization,civilización
claim,afirmar
class,clase
classic,clásico
classical,clásico
classify,clasificar
classroom,aula
clay,arcilla
clean,limpio
clear,claro
clearly,claramente
clerk,oficinista
click,hacer clic
client,cliente
cliff,acantilado
climate,clima
climb,trepar
cling,adherirse
clinic,clínica
clinical,clínico
clip,acortar
clock,reloj
close,cerca
closed,cerrado
closely,cercanamente
closer,íntimamente
closest,más cercano
closet,armario
cloth,paño
clothes,ropa
clothing,ropa
cloud,nube
club,club
clue,clave
cluster,grupo
coach,entrenador
coal,carbón
coalition,coalición
coast,costa
coastal,costero
coat,abrigo
cocaine,cocaína
code,código
coffee,café
cognitive,cognitivo
coin,acuñar
cold,frío
collaboration,colaboración
collapse,colapsar
collar,cuello
colleague,colega
collect,recolectar
collection,recopilación
collective,colectivo
collector,coleccionista
college,colega
colonial,colonial
colony,colonia
color,color
colorful,vistoso
column,columna
columnist,columnista
combat,combatir
combination,combinación
combine,combinar
combined,conjunto
come,venir
comedy,comedia
comfort,comodidad
comfortable,cómodo
coming,próximo
command,dominio
commander,comandante
comment,comentario
commercial,comercial
commission,comisión
commissioner,notario
commit,comprometerse
commitment,compromiso
committee,comité
commodity,producto
common,común
commonly,comúnmente
communicate,comunicar
communication,comunicación
community,comunidad
companion,compañero
company,compañía
comparable,comparable
compare,comparar
comparison,comparación
compel,obligar
compelling,irresistible
compensation,compensación
compete,competir
competition,competencia
competitive,competitivo
competitor,competidor
complain,quejarse
complaint,queja
complete,completo
completely,completamente
complex,complejo
complexity,complejidad
compliance,cumplimiento
complicated,complicado
comply,cumplir
component,componente
compose,componer
composition,composición
compound,compuesto
comprehensive,integral
comprise,comprender
compromise,compromiso
computer,computadora
concede,conceder
conceive,concebir
concentrate,concentrarse
concentration,concentración
concept,concepto
conception,concepción
concern,inquietud
concerned,preocupado
concerning,sobre
concert,concierto
conclude,concluir
conclusion,conclusión
concrete,concreto
condemn,condenar
condition,condición
conduct,conducta
conference,conferencia
confess,confesar
confession,confesión
confidence,confianza
confident,seguro
confirm,confirmar
conflict,conflicto
confront,confrontar
confrontation,confrontación
confuse,confundir
confusion,confusión
congressional,del congreso
connect,conectar
connection,conexión
conscience,conciencia
conscious,consciente
consciousness,conciencia
consecutive,consecutivo
consensus,consenso
consent,consentir
consequence,consecuencia
consequently,como consecuencia
conservation,conservación
conservative,conservador
consider,considerar
considerable,considerable
considerably,importantemente
consideration,consideración
consist,consistir
consistent,coherente
consistently,consecuentemente
conspiracy,conspiración
constant,constante
constantly,constantemente
constitute,constituir
constitution,constitución
constitutional,constitucional
constraint,restricción
construct,construir
construction,construcción
consult,consultar
consultant,consultor
consume,consumir
consumer,consumidor
consumption,consumo
contact,contacto
contain,contener
container,recipiente
contemplate,contemplar
contemporary,contemporáneo
contend,contender
content,contenido
contest,concurso
context,contexto
continent,continente
continue,continuar
continued,continuado
continuing,continuo
continuous,continuo
contract,contrato
contractor,contratista
contrast,contraste
contribute,contribuir
contribution,contribución
contributor,contribuyente
control,control
controversial,controversial
controversy,controversia
convenience,conveniencia
convention,convención
conventional,convencional
conversation,conversación
conversion,conversión
convert,convertir
convey,transmitir
convict,condenar
conviction,convicción
convince,convencer
convinced,convencido
cook,cocinar
cookie,galleta
cooking,cocinando
cool,Frío
cooperate,cooperar
cooperation,cooperación
cooperative,cooperativa
coordinate,coordinar
coordinator,coordinador
cop,policía
cope,afrontar
copy,Copiar
cord,cable
core,centro
corn,maíz
corner,esquina
corporate,corporativo
corporation,corporación
correct,correcto
correctly,correctamente
correlation,correlación
correspondent,corresponsal
corridor,corredor
corruption,corrupción
cost,costo
costly,costoso
costume,traje
cottage,cabaña
cotton,algodón
couch,sofá
could,podría
council,concejo
counsel,consejo
counseling,asesoramiento
counselor,consejero
count,contar
counter,encimera
counterpart,contrapartida
country,país
county,condado
coup,golpe
couple,pareja
courage,coraje
course,curso
court,corte
courtroom,sala de justicia
cousin,primo
cover,cubrir
coverage,cobertura
cow,vaca
crack,grieta
craft,artesanía
crash,chocar
crawl,gatear
crazy,loco
cream,crema
create,crear
creation,creación
creative,creativo
creativity,creatividad
creature,criatura
credibility,credibilidad
credit,crédito
crew,multitud
crime,delito
criminal,criminal
crisis,crisis
criteria,criterios
critic,crítico
critical,crítico
criticism,crítica
criticize,criticar
crop,cultivo
cross,cruz
crowd,multitud
crowded,atestado
crucial,crucial
cruel,cruel
cruise,crucero
crush,aplastar
cry,llorar
crystal,cristal
cue,señal
cultural,cultural
culture,cultura
cup,taza
cure,curar
curiosity,curiosidad
curious,curioso
currency,divisa
current,actual
currently,actualmente
curriculum,plan de estudios
curtain,cortina
curve,curva
custody,custodia
custom,costumbre
customer,cliente
cut,cortar
cute,lindo
cycle,ciclo
dad,papá
daily,a diario
dam,presa
damage,daño
damn,maldición
dance,bailar
dancer,bailarín
dancing,baile
danger,peligro
dangerous,peligroso
dare,atrevimiento
dark,oscuro
darkness,oscuridad
data,datos
database,base de datos
date,fecha
daughter,hija
dawn,amanecer
day,día
dead,muerto
deadline,fecha límite
deadly,mortal
deal,trato
dealer,distribuidor
dear,estimado
death,muerte
debate,debate
debris,escombros
debt,deuda
debut,debut
decade,década
decent,decente
decide,decidir
decision,decisión
deck,cubierta
declare,declarar
decline,rechazar
decorate,decorar
decrease,disminuir
dedicate,dedicar
deem,considerar
deep,profundo
deeply,profundamente
deer,ciervo
defeat,fracaso
defend,defender
defendant,acusado
defender,defensor
defense,defensa
defensive,defensivo
deficit,déficit
define,definir
definitely,definitivamente
definition,definición
degree,grado
delay,demora
deliberately,deliberadamente
delicate,delicado
delight,deleitar
deliver,entregar
delivery,entrega
demand,demanda
democracy,democracia
democratic,democrático
demographic,demográfico
demonstrate,demostrar
demonstration,demostración
denial,negación
dense,denso
density,densidad
deny,denegar
depart,salir
department,departamento
departure,partida
depend,depender
dependent,dependiente
depending,dependiente
depict,representar
deploy,desplegar
deposit,depósito
depressed,deprimido
depression,depresión
depth,profundidad
deputy,diputado
derive,derivar
descend,bajar
describe,describir
description,descripción
desert,desierto
deserve,merecer
design,diseño
designer,diseñador
desire,deseo
desk,escritorio
desperate,desesperado
desperately,desesperadamente
despite,a pesar de
dessert,postre
destination,destino
destroy,destruir
destruction,destrucción
detail,detalle
detailed,detallado
detect,detectar
detective,detective
determination,determinación
determine,determinar
devastating,devastador
develop,desarrollar
developer,revelador
developing,desarrollo
development,desarrollo
developmental,de desarrollo
device,dispositivo
devil,demonio
devote,dedicar
diabetes,diabetes
diagnose,diagnosticar
diagnosis,diagnóstico
dialogue,diálogo
diamond,diamante
diary,diario
dictate,dictar
die,morir
diet,dieta
differ,diferir de
difference,diferencia
different,diferente
differently,diferentemente
difficult,difícil
difficulty,dificultad
dig,excavar
digital,digital
dignity,dignidad
dilemma,dilema
dimension,dimensión
diminish,disminuir
dining,comida
dinner,cena
dip,aderezo
diplomat,diplomático
diplomatic,diplomático
direct,directo
direction,dirección
directly,directamente
director,director
dirt,suciedad
dirty,sucio
disability,discapacidad
disabled,desactivado
disagree,discrepar
disappear,desaparecer
disappointed,decepcionado
disappointment,decepción
disaster,desastre
disc,desct
discipline,disciplina
disclose,revelar
discount,descuento
discourage,desalentar
discourse,discurso
discover,descubrir
discovery,descubrimiento
discrimination,discriminación
discuss,conversar
discussion,discusión
disease,enfermedad
dish,plato
disk,disco
dismiss,despedir
disorder,trastorno
display,mostrar
dispute,disputar
dissolve,disolver
distance,distancia
distant,distante
distinct,distinto
distinction,distinción
distinctive,distintivo
distinguish,distinguir
distract,distraer
distribute,distribuir
distribution,distribución
district,distrito
disturb,molestar
disturbing,inquietante
diverse,diverso
diversity,diversidad
divide,dividir
divine,divino
division,división
divorce,divorcio
do,hacer
dock,muelle
doctor,doctor
doctrine,doctrina
document,documento
documentary,documental
dog,perro
doll,muñeca
domain,dominio
domestic,doméstico
dominant,dominante
dominate,dominar
donate,donar
donation,donación
donor,donante
door,puerta
doorway,puerta
dose,dosis
dot,punto
double,doble
doubt,duda
dough,masa
down,abajo
downtown,centro
dozen,docena
draft,borrador
drag,arrastrar
drain,drenar
drama,drama
dramatic,dramático
dramatically,dramáticamente
draw,dibujar
drawer,cajón
drawing,dibujo
dream,sueño
dress,vestido
dried,seco
drift,deriva
drill,perforar
drink,beber
drinking,bebida
drive,conducir
driver,conductor
driveway,entrada de coches
driving,conduciendo
drop,gota
drown,ahogar
drug,droga
drum,tambor
drunk,ebrio
dry,seco
duck,pato
due,pendiente
dumb,mudo
dump,vertedero
during,durante
dust,polvo
duty,deber
dying,muriendo
dynamic,dinámica
dynamics,dinámica
e-mail,correo electrónico
each,cada
eager,ansioso
ear,oreja
early,temprano
earn,ganar
earnings,ganancias
earth,tierra
earthquake,terremoto
ease,facilidad
easily,fácilmente
east,este
eastern,oriental
easy,fácil
eat,comer
eating,comiendo
echo,eco
ecological,ecológico
economic,económico
economically,económicamente
economics,ciencias económicas
economist,economista
economy,economía
ecosystem,ecosistema
edge,borde
edit,editar
edition,edición
editor,editor
educate,educar
education,educación
educational,educativo
educator,educador
effect,efecto
effective,eficaz
effectively,eficazmente
effectiveness,eficacia
efficiency,eficiencia
efficient,eficiente
effort,esfuerzo
egg,huevo
ego,ego
eight,ocho
eighth,octavo
either,cualquiera
elaborate,elaborar
elbow,codo
elder,mayor
elderly,anciano
elect,electo
election,elección
electric,eléctrico
electrical,eléctrico
electricity,electricidad
electronic,electrónico
electronics,electrónica
elegant,elegante
element,elemento
elementary,elemental
elephant,elefante
elevator,ascensor
eleven,once
eligible,elegible
eliminate,eliminar
elite,élite
else,demás
elsewhere,en otra parte
embarrassed,avergonzado
embrace,abarcar
emerge,surgir
emergency,emergencia
emerging,emergente
emission,emisión
emotion,emoción
emotional,emocional
emotionally,emocionalmente
emphasis,énfasis
emphasize,enfatizar
empire,imperio
employ,emplear
employee,empleado
employer,empleador
employment,empleo
empty,vacío
enable,permitir
enact,promulgar
encounter,encontrar
encourage,alentar
encouraging,alentador
end,fin
endless,sin fin
endorse,endosar
endure,perdurar
enemy,enemigo
energy,energía
enforce,hacer cumplir
enforcement,aplicación
engage,comprometer
engagement,compromiso
engine,motor
engineer,ingeniero
engineering,ingeniería
enhance,mejorar
enjoy,disfrutar
enormous,enorme
enough,suficiente
enroll,inscribirse
ensure,asegurar
enter,ingresar
enterprise,empresa
entertainment,entretenimiento
enthusiasm,entusiasmo
entire,completo
entirely,enteramente
entitle,dar derecho
entity,entidad
entrance,entrada
entrepreneur,emprendedor
entry,entrada
envelope,sobre
environment,ambiente
environmental,ambiental
envision,guardar
epidemic,epidemia
episode,episodio
equal,igual
equality,igualdad
equally,igualmente
equation,ecuación
equip,equipar
equipment,equipo
equity,equidad
equivalent,equivalente
era,era
error,error
escape,escapar
especially,especialmente
essay,ensayo
essence,esencia
essential,básico
essentially,esencialmente
establish,establecer
establishment,establecimiento
estate,bienes
estimate,estimar
estimated,estimado
etc,etc.
ethical,ético
ethics,ética
ethnic,étnico
evaluate,evaluar
evaluation,evaluación
even,incluso
evening,noche
event,evento
eventually,eventualmente
ever,alguna vez
every,cada
everybody,todos
everyday,cada día
everyone,todos
everything,todo
everywhere,en todos lados
evidence,evidencia
evident,evidente
evil,demonio
evolution,evolución
evolve,evolucionar
exact,exacto
exactly,exactamente
exam,examen
examination,examen
examine,examinar
example,ejemplo
exceed,superar
excellent,excelente
except,excepto
exception,excepción
excessive,excesivo
exchange,intercambio
excited,entusiasmado
excitement,excitación
exciting,emocionante
exclude,excluir
exclusive,exclusivo
exclusively,exclusivamente
excuse,disculpar
execute,ejecutar
execution,ejecución
executive,ejecutivo
exercise,ejercicio
exhaust,escape
exhibit,anexo
exhibition,exhibición
exist,existir
existence,existencia
existing,existente
exit,salida
exotic,exótico
expand,expandir
expansion,expansión
expect,esperar
expectation,expectativa
expected,esperado
expedition,expedición
expense,gastos
expensive,caro
experience,experiencia
experienced,experimentado
experiment,experimento
experimental,experimental
expert,experto
expertise,pericia
explain,explicar
explanation,explicación
explicit,explícito
explode,explotar
exploit,explotar
exploration,exploración
explore,explorar
explosion,explosión
export,exportar
expose,exponer
exposure,exposición
express,expresar
expression,expresión
extend,extender
extended,extendido
extension,extensión
extensive,extenso
extent,medida
external,externo
extra,extra
extraordinary,extraordinario
extreme,extremo
extremely,extremadamente
eye,ojo
eyebrow,ceja
fabric,tela
face,rostro
facilitate,facilitar
facility,instalación
fact,hecho
factor,factor
factory,fábrica
faculty,facultad
fade,desteñir
fail,fallar
failure,falla
faint,débil
fair,justo
fairly,equitativamente
faith,fe
fall,caer
false,FALSO
fame,fama
familiar,familiar
family,familia
famous,famoso
fan,admirador
fantastic,fantástico
fantasy,fantasía
far,lejos
fare,tarifa
farm,granja
farmer,agricultor
fascinating,fascinante
fashion,moda
fast,rápido
faster,más rápido
fat,gordo
fatal,fatal
fate,destino
father,padre
fatigue,fatiga
fault,falla
favor,favor
favorable,favorable
favorite,favorito
fear,miedo
feather,pluma
feature,característica
federal,federal
fee,tarifa
feed,alimentar
feedback,comentario
feel,sentir
feeling,sentimiento
fellow,compañero
female,femenino
feminist,feminista
fence,cerca
festival,festival
fever,fiebre
few,pocos
fewer,menos
fiber,fibra
fiction,ficción
field,campo
fierce,feroz
fifteen,quince
fifth,quinto
fifty,cincuenta
fight,luchar
fighter,combatiente
fighting,lucha
figure,cifra
file,archivo
fill,llenar
film,película
filter,filtrar
final,final
finally,finalmente
finance,finanzas
financial,financiero
find,encontrar
finding,descubrimiento
fine,bien
finger,dedo
finish,finalizar
fire,fuego
firm,firme
firmly,firmemente
first,primero
fiscal,fiscal
fish,pez
fisherman,pescador
fishing,pesca
fist,puño
fit,adaptar
fitness,aptitud física
five,cinco
fix,arreglar
fixed,fijado
flag,bandera
flame,llama
flash,destello
flat,departamento
flavor,sabor
flee,huir
fleet,flota
flesh,carne
flexibility,flexibilidad
flexible,flexible
flight,vuelo
flip,voltear
float,flotar
flood,inundación
floor,piso
flour,harina
flow,fluir
flower,flor
fluid,líquido
fly,volar
flying,vuelo
focus,enfocar
fog,niebla
fold,doblar
folk,gente
follow,seguir
following,siguiente
food,alimento
fool,tonto
foot,pie
football,fútbol americano
for,para
forbid,prohibir
force,fuerza
forehead,frente
foreign,extranjero
foreigner,extranjero
forest,bosque
forever,para siempre
forget,olvidar
forgive,perdonar
fork,tenedor
form,forma
formal,formal
format,formato
formation,formación
former,anterior
formerly,antes
formula,fórmula
forth,adelante
fortunately,afortunadamente
fortune,fortuna
forty,cuarenta
forum,foro
forward,adelante
foster,alentar
found,encontró
foundation,base
founder,fundador
four,cuatro
fourth,cuatro
fraction,fracción
fragile,frágil
fragment,fragmento
frame,marco
framework,estructura
franchise,franquicia
frankly,francamente
fraud,fraude
free,gratis
freedom,libertad
freely,con libertad
freeze,congelar
frequency,frecuencia
frequent,frecuente
frequently,frecuentemente
fresh,fresco
freshman,estudiante de primer año
friend,amigo
friendly,amigable
friendship,amistad
from,de
front,frente
frontier,frontera
frown,fruncir el ceño
frozen,congelado
fruit,fruta
frustrate,frustrar
frustration,frustración
fucking,maldito
fuel,combustible
full,lleno
full-time,jornada completa
fully,completamente
fun,divertido
function,función
functional,funcional
fund,financiar
fundamental,fundamental
funding,fondos
funeral,funeral
funny,divertido
fur,pelo
furniture,muebles
furthermore,además
future,futuro
gain,ganar
galaxy,galaxia
gallery,galería
game,juego
gang,banda
gap,brecha
garage,cochera
garbage,basura
garden,jardín
garlic,ajo
gas,gas
gasoline,gasolina
gate,puerta
gather,recolectar
gathering,reunión
gay,homosexuales
gaze,mirada
gear,engranaje
gender,género
gene,gene
general,general
generally,generalmente
generate,generar
generation,generación
generous,generoso
genetic,genético
genius,genio
genre,género
gentle,amable
gentleman,hidalgo
gently,suavemente
genuine,genuino
gesture,gesto
get,conseguir
ghost,fantasma
giant,gigante
gift,regalo
gifted,dotado
girl,chica
girlfriend,novia
give,dar
given,dado
glad,contento
glance,mirada
glass,vaso
glimpse,vistazo
global,global
globe,globo
glory,gloria
glove,guante
go,ir
goal,meta
goat,cabra
gold,oro
golden,dorado
golf,golf
good,bien
govern,gobernar
government,gobierno
governor,gobernador
grab,agarrar
grace,gracia
grade,calificación
gradually,gradualmente
graduate,graduado
graduation,graduación
grain,grano
grand,magnífico
grandchild,nieto
grandfather,abuelo
grandmother,abuela
grandparent,abuelo
grant,conceder
grape,uva
grasp,comprender
grass,césped
grateful,agradecido
grave,tumba
gravity,gravedad
gray,gris
great,excelente
greatest,mayor
greatly,muy
green,verde
greet,saludar
grief,dolor
grin,sonrisa
grip,agarre
grocery,tienda de comestibles
gross,bruto
ground,suelo
group,grupo
grow,crecer
growing,creciente
growth,crecimiento
guarantee,garantizar
guard,guardia
guess,adivinar
guest,invitado
guidance,guía
guide,guía
guideline,pauta
guilt,culpa
guilty,culpable
guitar,guitarra
gun,pistola
gut,intestino
guy,chico
gym,gimnasia
ha,Ja
habit,hábito
habitat,hábitat
hair,cabello
half,medio
halfway,a medio camino
hall,sala
hallway,pasillo
hand,mano
handful,puñado
handle,manejar
handsome,elegante
hang,colgar
happen,suceder
happily,felizmente
happiness,felicidad
happy,feliz
harassment,acoso
hard,duro
hardly,difícilmente
hardware,hardware
harm,dañar
harmony,armonía
harsh,duro
harvest,cosecha
hat,sombrero
hate,odiar
haul,transportar
have,tener
hay,heno
hazard,peligro
he,él
head,cabeza
headache,dolor de cabeza
headline,titular
headquarters,sede
heal,sanar
health,salud
health-care,cuidado de la salud
healthy,saludable
hear,escuchar
hearing,audiencia
heart,corazón
heat,calor
heaven,cielo
heavily,fuertemente
heavy,pesado
heel,tacón
height,altura
helicopter,helicóptero
hell,infierno
hello,Hola
helmet,casco
help,ayuda
helpful,útil
hence,por eso
her,su
herb,hierba
here,aquí
heritage,herencia
hero,héroe
hers,suyo
herself,sí misma
hesitate,dudar
hey,ey
hi,Hola
hidden,oculto
hide,esconder
high,alto
high-tech,alta tecnología
highlight,destacar
highly,muy
highway,carretera
hike,caminata
hill,colina
him,a él
himself,sí mismo
hint,pista
hip,cadera
hire,contratar
his,su
historian,historiador
historic,histórico
historical,histórico
historically,históricamente
history,historia
hit,golpear
hockey,hockey
hold,sostener
hole,agujero
holiday,día festivo
holy,santo
home,hogar
homeland,patria
homeless,sin hogar
homework,tarea
honest,honesto
honestly,honestamente
honey,Miel
honor,honor
hook,gancho
hope,esperanza
hopefully,con un poco de suerte
horizon,horizonte
hormone,hormona
horn,bocina
horrible,horrible
horror,horror
horse,caballo
hospital,hospital
host,anfitrión
hostage,rehén
hostile,hostil
hot,caliente
hotel,hotel
hour,hora
house,casa
household,familiar
housing,alojamiento
how,cómo
however,sin embargo
hug,abrazo
huge,enorme
huh,eh
human,humano
humanity,humanidad
humor,humor
hundred,centenar
hunger,hambre
hungry,hambriento
hunt,caza
hunter,cazador
hunting,caza
hurricane,huracán
hurry,apurarse
hurt,herir
husband,marido
hypothesis,hipótesis
ice,hielo
icon,icono
idea,idea
ideal,ideal
identical,idéntico
identification,identificación
identify,identificar
identity,identidad
ideological,ideológico
ideology,ideología
ie,es decir
if,si
ignore,ignorar
ill,enfermo
illegal,ilegal
illness,enfermedad
illusion,espejismo
illustrate,ilustrar
image,imagen
imagination,imaginación
imagine,imaginar
immediate,inmediato
immediately,inmediatamente
immigrant,inmigrante
immigration,inmigración
immune,inmune
impact,impacto
implement,implementar
implementation,implementación
implication,implicación
imply,implicar
import,importar
importance,importancia
important,importante
importantly,en tono rimbombante
impose,imponer
impossible,imposible
impress,impresionar
impression,impresión
impressive,impresionante
improve,mejorar
improved,mejorado
improvement,mejora
impulse,impulso
in,en
incentive,incentivo
incident,incidente
include,incluir
including,incluido
income,ingreso
incorporate,incorporar
increase,aumentar
increased,aumentó
increasing,creciente
increasingly,cada vez más
incredible,increíble
incredibly,increíblemente
indeed,en efecto
independence,independencia
independent,independiente
index,índice
indicate,indicar
indication,indicación
indicator,indicador
indigenous,indígena
individual,individual
industrial,industrial
industry,industria
inevitable,inevitable
inevitably,inevitablemente
infant,niño
infection,infección
inflation,inflación
influence,influencia
influential,influyente
inform,informar
informal,informal
information,información
infrastructure,infraestructura
ingredient,ingrediente
inherent,inherente
inherit,heredar
initial,inicial
initially,inicialmente
initiate,iniciado
initiative,iniciativa
injure,lesionar
injury,lesión
inmate,preso
inner,interno
innocent,inocente
innovation,innovación
innovative,innovador
input,aporte
inquiry,consulta
insect,insecto
insert,insertar
inside,adentro
insight,conocimiento
insist,insistir
inspection,inspección
inspector,inspector
inspiration,inspiración
inspire,inspirar
install,instalar
installation,instalación
instance,instancia
instant,instante
instantly,instantáneamente
instead,en cambio
instinct,instinto
institution,institución
institutional,institucional
instruct,instruir
instruction,instrucción
instructional,instructivo
instructor,instructor
instrument,instrumento
insurance,seguro
intact,intacto
integrate,integrar
integrated,integrado
integration,integración
integrity,integridad
intellectual,intelectual
intelligence,inteligencia
intelligent,inteligente
intend,pretender
intense,intenso
intensity,intensidad
intent,intención
intention,intención
interact,interactuar
interaction,interacción
interest,interés
interested,interesado
interesting,interesante
interfere,interferir
interior,interior
internal,interno
international,internacional
interpret,interpretar
interpretation,interpretación
interrupt,interrumpir
interval,intervalo
intervention,intervención
interview,entrevista
intimate,íntimo
into,en
introduce,introducir
introduction,introducción
invade,invadir
invasion,invasión
invent,inventar
invention,invención
inventory,inventario
invest,invertir
investigate,investigar
investigation,investigación
investigator,investigador
investment,inversión
investor,inversor
invisible,invisible
invitation,invitación
invite,invitar
involve,involucrar
involved,involucrado
involvement,enredo
iron,hierro
ironically,irónicamente
irony,ironía
island,isla
isolate,aislar
isolated,aislado
isolation,aislamiento
issue,asunto
it,él
item,artículo
its,es
itself,sí mismo
jacket,chaqueta
jail,celda
jar,frasco
jaw,mandíbula
jazz,jazz
jeans,vaqueros
jet,chorro
jewelry,joyas
job,trabajo
join,unirse
joint,articulación
joke,broma
journal,diario
journalism,periodismo
journalist,periodista
journey,viaje
joy,alegría
judge,juez
judgment,juicio
judicial,judicial
juice,jugo
jump,saltar
jungle,selva
junior,júnior
jurisdiction,jurisdicción
juror,jurado
jury,jurado
just,justo
justice,justicia
justify,justificar
keep,mantener
key,llave
kick,patada
kid,niño
kill,matar
killer,asesino
killing,asesinato
kind,amable
king,rey
kingdom,reino
kiss,beso
kit,equipo
kitchen,cocina
knee,rodilla
kneel,arrodillarse
knife,cuchillo
knock,golpear
know,saber
knowledge,conocimiento
known,conocido
lab,laboratorio
label,etiqueta
labor,mano de obra
laboratory,laboratorio
lack,falta
ladder,escalera
lady,dama
lake,lago
lamp,lámpara
land,tierra
landing,aterrizaje
landmark,marca
landscape,paisaje
lane,carril
language,idioma
lap,regazo
large,grande
largely,en gran parte
laser,láser
last,último
late,tarde
lately,últimamente
later,más tarde
latter,último
laugh,reír
laughter,risa
launch,lanzamiento
laundry,lavadero
law,ley
lawmaker,él que hace leyes
lawn,césped
lawsuit,pleito
lawyer,abogado
lay,poner
layer,capa
lead,dirigir
leader,líder
leadership,liderazgo
leading,principal
leaf,hoja
league,liga
lean,inclinarse
leap,salto
learn,aprender
learning,aprendiendo
least,el menos
leather,cuero
leave,dejar
lecture,conferencia
left,izquierda
leg,pierna
legacy,legado
legal,legal
legally,legalmente
legend,leyenda
legislation,legislación
legislative,legislativo
legislator,legislador
legislature,legislatura
legitimate,legítimo
lemon,limón
lend,prestar
length,longitud
lens,lente
less,menos
lesson,lección
let,dejar
letter,carta
level,nivel
liability,responsabilidad
liberal,liberal
liberty,libertad
library,biblioteca
license,licencia
lid,tapa
lie,mentir
life,vida
lifestyle,estilo de vida
lifetime,vida
lift,elevar
light,luz
lighting,iluminación
lightly,ligeramente
lightning,iluminación
like,como
likelihood,probabilidad
likely,probable
likewise,asimismo
limb,miembro
limit,límite
limitation,limitación
limited,limitado
line,línea
link,enlace
lion,león
lip,labio
liquid,líquido
list,lista
listen,escuchar
listener,oyente
literally,literalmente
literary,literario
literature,literatura
little,pequeño
live,vivir
liver,hígado
living,viviendo
load,carga
loan,préstamo
lobby,vestíbulo
local,local
locate,localizar
location,ubicación
lock,cerrar
log,registro
logic,lógica
logical,lógico
lonely,solitario
long,largo
long-term,a largo plazo
longtime,desde hace mucho tiempo
look,mirar
loop,bucle
loose,perder
lose,perder
loss,pérdida
lost,perdido
lot,lote
lots,lotes
loud,alto
love,amar
lovely,hermoso
lover,amante
low,bajo
lower,más bajo
loyal,leal
loyalty,lealtad
luck,suerte
lucky,afortunado
lunch,almuerzo
lung,pulmón
machine,máquina
mad,enojado
magazine,revista
magic,magia
magnetic,magnético
magnitude,magnitud
mail,correo
main,principal
mainly,principalmente
mainstream,corriente principal
maintain,mantener
maintenance,mantenimiento
major,importante
majority,mayoría
make,hacer
maker,fabricante
makeup,constituir
male,masculino
mall,centro comercial
man,hombre
manage,administrar
management,gestión
manager,gerente
managing,gerente
mandate,mandato
manipulate,manipular
manner,manera
mansion,palacio
manual,manual
manufacturer,fabricante
manufacturing,fabricación
many,muchos
map,mapa
marble,mármol
march,marzo
margin,margen
marine,marina
mark,marca
marker,marcador
market,mercado
marketing,marketing
marketplace,mercado
marriage,casamiento
married,casado
marry,casarse
mask,mascarilla
mass,masa
massive,masivo
master,maestro
match,fósforo
mate,compañero
material,material
math,matemáticas
mathematics,matemáticas
matter,asunto
maximum,máximo
may,puede
maybe,tal vez
mayor,alcalde
me,a mí
meal,comida
mean,significar
meaning,significado
meaningful,significativo
meantime,mientras tanto
meanwhile,mientras tanto
measure,medida
measurement,medición
meat,carne
mechanic,mecánico
mechanical,mecánico
mechanism,mecanismo
medal,medalla
media,medios de comunicación
medical,médico
medication,medicamento
medicine,medicamento
medium,medio
meet,encontrarse
meeting,reunión
melt,derretir
member,miembro
membership,afiliación
memory,memoria
mental,mental
mentally,mentalmente
mention,mencionar
mentor,mentor
menu,menú
merchant,comerciante
mere,mero
merely,meramente
merit,mérito
mess,desorden
message,mensaje
metal,metal
metaphor,metáfora
meter,metro
method,método
metropolitan,metropolitano
middle,medio
middle-class,clase media
midnight,medianoche
midst,medio
might,podría
migration,migración
mild,leve
military,militar
milk,leche
mill,molino
million,millón
mind,mente
mine,mío
mineral,mineral
minimal,mínimo
minimize,minimizar
minimum,mínimo
minister,ministro
ministry,ministerio
minor,menor
minority,minoría
minute,minuto
miracle,milagro
mirror,espejo
miss,extrañar
missile,misil
missing,desaparecido
mission,misión
missionary,misionero
mistake,error
mix,mezcla
mixed,mezclado
mixture,mezcla
mm-hmm,mm-hmm
mobile,móvil
mode,modo
model,modelo
moderate,moderado
modern,moderno
modest,modesto
modify,modificar
molecule,molécula
mom,mamá
moment,momento
momentum,impulso
money,dinero
monitor,monitor
monkey,mono
monster,monstruo
month,mes
monthly,mensual
monument,monumento
mood,ánimo
moon,luna
moral,moral
more,más
moreover,además
morning,mañana
mortality,mortalidad
mortgage,hipoteca
most,mayoría
mostly,principalmente
mother,madre
motion,movimiento
motivate,motivar
motivation,motivación
motive,motivo
motor,motor
mount,montar
mountain,montaña
mouse,ratón
mouth,boca
move,mover
movement,movimiento
movie,película
much,mucho
mud,lodo
multiple,múltiple
municipal,municipal
murder,asesinato
muscle,músculo
museum,museo
mushroom,champiñón
music,música
musical,musical
musician,músico
must,debe
mutter,murmurar
mutual,mutual
my,mi
myself,mí mismo
mysterious,misterioso
mystery,misterio
myth,mito
n't,Nuevo Testamento
nail,clavo
naked,desnudo
name,nombre
narrative,narrativo
narrow,angosto
nasty,asqueroso
nation,nación
national,nacional
nationwide,a escala nacional
native,nativo
natural,natural
naturally,naturalmente
nature,naturaleza
naval,naval
near,cerca
nearby,cercano
nearly,cerca de
neat,limpio
necessarily,necesariamente
necessary,necesario
necessity,necesidad
neck,cuello
need,necesidad
needle,aguja
negative,negativo
negotiate,negociar
negotiation,negociación
neighbor,vecino
neighborhood,vecindario
neighboring,vecino
neither,ni
nerve,nervio
nervous,nervioso
nest,nido
net,neto
network,red
neutral,neutral
never,nunca
nevertheless,sin embargo
new,nuevo
newly,recién
news,noticias
newspaper,periódico
next,próximo
nice,lindo
night,noche
nightmare,pesadilla
nine,nueve
no,No
nobody,nadie
nod,asentir
noise,ruido
nomination,nominación
nominee,candidato
none,ninguno
nonetheless,sin embargo
nonprofit,no lucrativo
noon,mediodía
nor,ni
norm,norma
normal,normal
normally,normalmente
north,norte
northeast,nordeste
northern,del norte
northwest,noroeste
nose,nariz
not,no
note,nota
notebook,computadora portátil
nothing,nada
notice,aviso
notion,noción
novel,novedoso
now,ahora
nowhere,en ningún lugar
nuclear,nuclear
number,número
numerous,numeroso
nurse,enfermero
nut,tuerca
nutrient,nutritivo
o'clock,en punto
oak,roble
object,objeto
objection,objeción
objective,objetivo
obligation,obligación
observation,observación
observe,observar
observer,observador
obstacle,obstáculo
obtain,obtener
obvious,obvio
obviously,obviamente
occasion,ocasión
occasional,ocasional
occasionally,ocasionalmente
occupation,ocupación
occupy,ocupar
occur,ocurrir
ocean,océano
odd,extraño
odds,impares
of,de
off,apagado
offender,delincuente
offense,ofensa
offensive,ofensivo
offer,oferta
offering,ofrenda
office,oficina
officer,oficial
official,oficial
officially,oficialmente
often,a menudo
oh,Vaya
oil,aceite
ok,OK
okay,bueno
old,viejo
old-fashioned,pasado de moda
on,en
once,una vez
one,uno
one-third,un tercio
ongoing,en curso
onion,cebolla
online,en línea
only,solo
onto,sobre
open,abierto
opening,apertura
openly,abiertamente
opera,ópera
operate,funcionar
operating,operante
operation,operación
operator,operador
opinion,opinión
opponent,adversario
opportunity,oportunidad
oppose,oponerse a
opposed,opuesto
opposite,opuesto
opposition,oposición
opt,optar
optimistic,optimista
option,opción
or,o
oral,oral
orange,naranja
orbit,órbita
order,orden
ordinary,común
organ,órgano
organic,orgánico
organism,organismo
organization,organización
organizational,organizativo
organize,organizar
organized,organizado
orientation,orientación
origin,origen
original,original
originally,originalmente
other,otro
others,otros
otherwise,de lo contrario
ought,debería
our,nuestro
ours,nuestro
ourselves,nosotros mismos
out,afuera
outcome,resultado
outdoor,exterior
outer,exterior
outfit,atuendo
outlet,salida
outline,describir
output,producción
outside,afuera
outsider,forastero
outstanding,pendiente
oven,horno
over,encima
overall,en general
overcome,superar
overlook,pasar por alto
overnight,durante la noche
oversee,superentender
overwhelm,abrumar
overwhelming,abrumador
owe,deber
own,propio
owner,dueño
ownership,propiedad
oxygen,oxígeno
pace,paso
pack,embalar
package,paquete
pad,almohadilla
page,página
pain,dolor
painful,doloroso
paint,pintar
painter,pintor
painting,cuadro
pair,par
palace,palacio
pale,pálido
palm,palmera
pan,cacerola
panel,panel
panic,pánico
pant,jadear
paper,papel
parade,desfile
parent,padre
parental,de los padres
parish,parroquia
park,parque
parking,aparcamiento
part,parte
partial,parcial
partially,parcialmente
participant,partícipe
participate,participar
participation,participación
particle,partícula
particular,particular
particularly,particularmente
partly,en parte
partner,pareja
partnership,asociación
party,fiesta
pass,aprobar
passage,paso
passenger,pasajero
passing,paso
passion,pasión
past,pasado
pasta,pastas
pastor,pastor
pat,palmadita
patch,parche
patent,patentar
path,camino
patience,paciencia
patient,paciente
patrol,patrulla
patron,patrón
pattern,patrón
pause,pausa
pay,pagar
payment,pago
peace,paz
peaceful,pacífico
peak,cima
peanut,maní
peasant,campesino
peel,cáscara
peer,par
pen,bolígrafo
penalty,pena
pencil,lápiz
pension,pensión
people,gente
pepper,pimienta
per,por
perceive,percibir
perceived,percibido
percentage,porcentaje
perception,percepción
perfect,perfecto
perfectly,perfectamente
perform,llevar a cabo
performance,actuación
performer,ejecutante
perhaps,tal vez
period,período
permanent,permanente
permission,permiso
permit,permiso
persist,persistir
person,persona
personal,personal
personality,personalidad
personally,personalmente
personnel,personal
perspective,perspectiva
persuade,persuadir
pet,mascota
phase,fase
phenomenon,fenómeno
philosophical,filosófico
philosophy,filosofía
phone,teléfono
photo,foto
photograph,fotografía
photographer,fotógrafo
photography,fotografía
phrase,frase
physical,físico
physically,físicamente
physician,médico
physics,física
piano,piano
pick,elegir
pickup,levantar
picture,imagen
pie,pastel
piece,pedazo
pig,cerdo
pile,montón
pill,píldora
pillow,almohada
pilot,piloto
pin,alfiler
pine,pino
pink,rosa
pioneer,pionero
pipe,tubo
pistol,pistola
pit,fosa
pitch,paso
pitcher,lanzador
pizza,pizza
place,lugar
placement,colocación
plain,plano
plaintiff,demandante
plan,plan
plane,avión
planet,planeta
planner,planificador
planning,planificación
plant,planta
plastic,plástico
plate,lámina
platform,plataforma
play,jugar
player,jugador
playoff,eliminatoria
plea,súplica
plead,alegar
pleasant,agradable
please,por favor
pleased,complacido
pleasure,placer
plenty,infinidad
plot,trama
plunge,inmersión
plus,más
pocket,bolsillo
poem,poema
poet,poeta
poetry,poesía
point,punto
poke,meter
pole,polo
police,policía
policeman,policía
policy,política
political,político
politically,políticamente
politician,político
politics,política
poll,encuesta
pollution,contaminación
pond,estanque
pool,piscina
poor,pobre
pop,estallido
popular,popular
popularity,popularidad
population,población
porch,porche
pork,cerdo
port,puerto
portfolio,cartera
portion,parte
portrait,retrato
portray,retratar
pose,pose
position,posición
positive,positivo
possess,poseer
possession,posesión
possibility,posibilidad
possible,posible
possibly,probablemente
post,correo
poster,póster
pot,olla
potato,papa
potential,potencial
potentially,potencialmente
pound,libra
pour,derramar
poverty,pobreza
powder,polvo
power,fuerza
powerful,poderoso
practical,práctico
practically,prácticamente
practice,práctica
practitioner,facultativo
praise,elogio
pray,orar
prayer,oración
preach,predicar
precious,precioso
precise,preciso
precisely,precisamente
predator,depredador
predict,predecir
prediction,predicción
prefer,preferir
preference,preferencia
pregnancy,embarazo
pregnant,embarazada
preliminary,preliminar
premise,premisa
premium,de primera calidad
preparation,preparación
prepare,preparar
prescription,prescripción
presence,presencia
present,presente
presentation,presentación
preserve,preservar
presidency,presidencia
president,presidente
presidential,presidencial
press,prensa
pressure,presión
presumably,presumiblemente
pretend,pretender
pretty,bonito
prevail,prevalecer
prevent,prevenir
prevention,prevención
previous,anterior
previously,previamente
price,precio
pride,orgullo
priest,sacerdote
primarily,ante todo
primary,primario
prime,principal
principal,principal
principle,principio
print,imprimir
prior,previo
priority,prioridad
prison,prisión
prisoner,prisionero
privacy,privacidad
private,privado
privately,en privado
privilege,privilegio
prize,premio
pro,pro
probably,probablemente
problem,problema
procedure,procedimiento
proceed,proceder
process,proceso
processing,tratamiento
processor,procesador
proclaim,proclamar
produce,producir
producer,productor
product,producto
production,producción
productive,productivo
productivity,productividad
profession,profesión
professional,profesional
professor,profesor
profile,perfil
profit,ganancia
profound,profundo
program,programa
programming,programación
progress,progreso
progressive,progresivo
prohibit,prohibir
project,proyecto
projection,proyección
prominent,prominente
promise,promesa
promising,prometedor
promote,promover
promotion,promoción
prompt,inmediato
proof,prueba
proper,adecuado
properly,adecuadamente
property,propiedad
proportion,proporción
proposal,propuesta
propose,proponer
proposed,propuesto
prosecution,enjuiciamiento
prosecutor,fiscal
prospect,prospecto
protect,proteger
protection,protección
protective,protector
protein,proteína
protest,protesta
protocol,protocolo
proud,orgulloso
prove,probar
provide,proporcionar
provided,proporcionó
provider,proveedor
province,provincia
provision,disposición
provoke,provocar
psychological,psicológico
psychologist,psicólogo
psychology,psicología
public,público
publication,publicación
publicity,publicidad
publicly,en público
publish,publicar
publisher,editor
pull,jalar
pulse,legumbres
pump,bomba
punch,puñetazo
punish,castigar
punishment,castigo
purchase,compra
pure,puro
purple,púrpura
purpose,objetivo
purse,cartera
pursue,buscar
pursuit,buscar
push,empujar
put,poner
puzzle,rompecabezas
qualify,calificar
quality,calidad
quantity,cantidad
quarter,cuarto
quarterback,jugador de ataque
queen,reina
quest,búsqueda
question,pregunta
questionnaire,cuestionario
quick,rápido
quickly,rápidamente
quiet,tranquilo
quietly,en silencio
quit,abandonar
quite,bastante
quote,cita
rabbit,conejo
race,carrera
racial,racial
racism,racismo
rack,estante
radar,Radar
radiation,radiación
radical,radical
radio,radio
rage,furia
rail,carril
railroad,ferrocarril
rain,lluvia
raise,aumentar
rally,reunión
ranch,rancho
random,aleatorio
range,rango
rank,rango
rape,violación
rapid,rápido
rapidly,rápidamente
rare,extraño
rarely,casi nunca
rat,rata
rate,tasa
rather,bastante
rating,clasificación
ratio,relación
rational,racional
raw,crudo
re,re
reach,alcanzar
react,reaccionar
reaction,reacción
read,leer
reader,lector
readily,fácilmente
reading,lectura
ready,listo
real,real
realistic,realista
reality,realidad
realize,darse cuenta
really,en realidad
realm,reino
rear,trasero
reason,razón
reasonable,razonable
rebel,rebelde
rebuild,reconstruir
recall,recordar
receive,recibir
receiver,receptor
recent,reciente
recently,recientemente
reception,recepción
recession,recesión
recipe,receta
recipient,beneficiario
recognition,reconocimiento
recognize,reconocer
recommend,recomendar
recommendation,recomendación
record,registro
recording,grabación
recover,recuperar
recovery,recuperación
recruit,recluta
red,rojo
reduce,reducir
reduction,reducción
refer,referirse
reference,referencia
reflect,reflejar
reflection,reflexión
reform,reforma
refrigerator,refrigerador
refuge,refugio
refugee,refugiado
refuse,rechazar
regain,recuperar
regard,respecto
regarding,acerca de
regardless,a pesar de todo
regime,régimen
region,región
regional,regional
register,registro
regret,arrepentirse
regular,regular
regularly,regularmente
regulate,regular
regulation,regulación
regulator,regulador
regulatory,regulador
rehabilitation,rehabilitación
reinforce,reforzarse
reject,rechazar
relate,relatar
related,relacionado
relation,relación
relationship,relación
relative,relativo
relatively,relativamente
relax,relajarse
release,liberar
relevant,importante
reliability,fiabilidad
reliable,confiable
relief,alivio
relieve,aliviar
religion,religión
religious,religioso
reluctant,reacio
rely,confiar
remain,permanecer
remaining,restante
remark,observación
remarkable,notable
remember,recordar
remind,recordar
reminder,recordatorio
remote,remoto
removal,eliminación
remove,eliminar
render,prestar
rent,alquilar
rental,alquiler
repair,reparar
repeat,repetir
repeatedly,repetidamente
replace,reemplazar
replacement,reemplazo
reply,responder
report,informe
reportedly,según se informa
reporter,reportero
reporting,informar
represent,representar
representation,representación
representative,representante
republic,república
republican,republicano
reputation,reputación
request,pedido
require,requerir
required,requerido
requirement,requisito
rescue,rescate
research,investigación
researcher,investigador
resemble,parecerse
reservation,reserva
reserve,reservar
residence,residencia
resident,residente
residential,Residencial
resign,renunciar
resist,resistir
resistance,resistencia
resolution,resolución
resolve,resolver
resort,complejo
resource,recurso
respect,respeto
respectively,respectivamente
respond,responder
respondent,demandado
response,respuesta
responsibility,responsabilidad
responsible,responsable
rest,descansar
restaurant,restaurante
restore,restaurar
restrict,restringir
restriction,restricción
result,resultado
resume,reanudar
retail,minorista
retailer,detallista
retain,retener
retire,retirarse
retired,jubilado
retirement,jubilación
retreat,retiro
return,devolver
reveal,revelar
revelation,revelación
revenue,ganancia
reverse,contrarrestar
review,revisar
revolution,revolución
revolutionary,revolucionario
reward,premio
rhetoric,retórica
rhythm,ritmo
rib,costilla
ribbon,cinta
rice,arroz
rich,rico
rid,deshacerse
ride,conducir
rider,jinete
ridge,cresta
ridiculous,ridículo
rifle,rifle
right,bien
rim,borde
ring,anillo
riot,disturbio
rip,rotura
rise,elevar
risk,riesgo
risky,arriesgado
ritual,ritual
rival,rival
river,río
road,camino
robot,robot
rock,roca
rocket,cohete
rod,vara
role,role
roll,rollo
rolling,laminación
romance,romance
romantic,romántico
roof,techo
room,habitación
root,raíz
rope,soga
rose,rosa
rough,bruto
roughly,apenas
round,redondo
route,ruta
routine,rutina
routinely,rutinariamente
row,fila
royal,real
rub,frotar
rubber,goma
ruin,ruina
rule,regla
ruling,decisión
rumor,rumor
run,correr
runner,corredor
running,correr
rural,rural
rush,correr
sack,bolsa
sacred,sagrado
sacrifice,sacrificio
sad,triste
safe,seguro
safely,sin peligro
safety,seguridad
sail,navegar
sake,beneficio
salad,ensalada
salary,salario
sale,venta
sales,ventas
salmon,salmón
salt,sal
same,mismo
sample,muestra
sanction,sanción
sand,arena
sandwich,sándwich
satellite,satélite
satisfaction,satisfacción
satisfy,satisfacer
sauce,salsa
save,ahorrar
saving,ahorro
say,decir
scale,escala
scan,escanear
scandal,escándalo
scare,susto
scared,asustado
scary,aterrador
scatter,dispersión
scenario,guión
scene,escena
scent,aroma
schedule,cronograma
scheme,esquema
scholar,erudito
scholarship,beca
school,escuela
science,ciencia
scientific,científico
scientist,científico
scope,alcance
score,puntaje
scramble,lucha
scratch,rascar
scream,gritar
screen,pantalla
screening,cribado
screw,tornillo
script,guion
sculpture,escultura
sea,mar
seal,sello
search,buscar
season,estación
seat,asiento
second,segundo
secondary,secundario
secret,secreto
secretary,secretario
section,sección
sector,sector
secular,secular
secure,seguro
security,seguridad
see,ver
seed,semilla
seek,buscar
seem,parecer
seemingly,aparentemente
segment,segmento
seize,aprovechar
seldom,rara vez
select,seleccionar
selected,seleccionado
selection,selección
self,ser
self-esteem,autoestima
sell,vender
seller,vendedor
seminar,seminario
senator,senador
send,enviar
senior,sénior
sensation,sensación
sense,sentido
sensitive,sensible
sensitivity,sensibilidad
sensor,sensor
sentence,oración
sentiment,sentimiento
separate,separado
separation,separación
sequence,secuencia
series,serie
serious,grave
seriously,en serio
servant,servidor
serve,atender
service,servicio
serving,servicio
session,sesión
set,colocar
setting,configuración
settle,asentarse
settlement,asentamiento
seven,Siete
seventh,séptimo
several,varios
severe,severo
severely,severamente
sex,sexo
sexual,sexual
sexuality,sexualidad
sexually,sexualmente
sexy,sexy
shade,sombra
shadow,sombra
shake,agitar
shall,deber
shallow,poco profundo
shame,lástima
shape,forma
share,compartir
shared,compartido
shareholder,accionista
shark,tiburón
sharp,afilado
sharply,bruscamente
she,ella
shed,cobertizo
sheep,oveja
sheer,escarpado
sheet,hoja
shelf,estante
shell,caparazón
shelter,refugio
shift,cambio
shine,brillar
ship,barco
shirt,camisa
shit,mierda
shock,choque
shoe,zapato
shoot,disparar
shooting,tiroteo
shop,comercio
shopping,compras
shore,costa
short,corto
short-term,Corto plazo
shortage,escasez
shortly,dentro de poco
shorts,bermudas
shot,disparo
should,debería
shoulder,hombro
shout,gritar
shove,empujón
show,espectáculo
shower,ducha
shrimp,camarón
shrink,encoger
shrug,encogimiento de hombros
shut,cerrar
shuttle,lanzadera
shy,tímido
sibling,hermano
sick,enfermo
side,lado
sidewalk,acera
sigh,suspiro
sight,vista
sign,firmar
signal,señal
signature,firma
significance,significado
significant,significativo
significantly,de modo significativo
silence,silencio
silent,silencioso
silk,seda
silly,tonto
silver,plata
similar,similar
similarity,semejanza
similarly,similarmente
simple,simple
simply,simplemente
simultaneously,simultáneamente
sin,pecado
since,desde
sing,cantar
singer,cantante
single,soltero
sink,hundir
sir,Señor
sister,hermana
sit,sentarse
site,sitio
situation,situación
six,seis
sixth,sexto
size,tamaño
ski,esquí
skill,habilidad
skilled,experto
skin,piel
skip,saltar
skirt,falda
skull,cráneo
sky,cielo
slam,golpe
slap,bofetada
slave,esclavo
slavery,esclavitud
sleep,dormir
sleeve,manga
slice,rebanada
slide,deslizar
slight,leve
slightly,levemente
slip,deslizar
slope,pendiente
slot,ranura
slow,lento
slowly,despacio
small,pequeño
smart,elegante
smell,oler
smile,sonrisa
smoke,fumar
smooth,liso
snake,serpiente
snap,quebrar
sneak,furtivo
snow,nieve
so,entonces
so-called,así llamado
soak,remojar
soap,jabón
soar,remontarse
soccer,fútbol
social,social
socially,socialmente
society,sociedad
sock,calcetín
sodium,sodio
sofa,sofá
soft,suave
soften,ablandar
softly,suavemente
software,software
soil,suelo
solar,solar
soldier,soldado
sole,único
solely,únicamente
solid,sólido
solution,solución
solve,resolver
some,alguno
somebody,alguien
someday,algún día
somehow,de alguna manera
someone,alguien
something,algo
sometime,a veces
sometimes,a veces
somewhat,un poco
somewhere,en algún lugar
son,hijo
song,canción
soon,pronto
sophisticated,sofisticado
sorry,Lo siento
sort,clasificar
soul,alma
sound,sonido
soup,sopa
source,fuente
south,sur
southeast,sudeste
southern,del sur
southwest,suroeste
sovereignty,soberanía
space,espacio
spare,repuesto
spark,chispa
speak,hablar
speaker,vocero
special,especial
specialist,especialista
specialize,especializarse
specialty,especialidad
species,especies
specific,específico
specifically,específicamente
specify,especificar
spectacular,espectacular
spectrum,espectro
speculate,especular
speculation,especulación
speech,discurso
speed,velocidad
spell,deletrear
spend,gastar
spending,gasto
sphere,esfera
spill,derramar
spin,girar
spine,columna vertebral
spirit,espíritu
spiritual,espiritual
spit,escupir
spite,despecho
split,dividir
spokesman,portavoz
sponsor,patrocinador
spoon,cuchara
sport,deporte
spot,lugar
spouse,cónyuge
spray,pulverización
spread,desparramar
spring,primavera
sprinkle,espolvorear
spy,espiar
squad,equipo
square,cuadrado
squeeze,estrujar
stability,estabilidad
stable,estable
stack,pila
stadium,estadio
staff,personal
stage,escenario
stair,escalera
stake,apostar
stance,postura
stand,pararse
standard,estándar
standing,de pie
star,estrella
stare,mirada fija
start,comenzar
starter,motor de arranque
starting,a partir de
state,estado
statement,declaración
station,estación
statistical,estadístico
statistics,estadística
statue,estatua
status,estado
statute,estatuto
stay,permanecer
steadily,continuamente
steady,estable
steak,bife
steal,robar
steam,vapor
steel,acero
steep,empinado
steer,buey
stem,provenir
step,paso
stereotype,estereotipo
stick,palo
stiff,rígido
still,aún
stimulate,estimular
stimulus,estímulo
stir,remover
stock,existencias
stomach,estómago
stone,piedra
stop,detener
storage,almacenamiento
store,almacenar
storm,tormenta
story,historia
stove,cocina
straight,derecho
straighten,enderezar
strain,cepa
strange,extraño
stranger,extraño
strategic,estratégico
strategy,estrategia
straw,paja
streak,racha
stream,arroyo
street,calle
strength,fortaleza
strengthen,fortalecer
stress,estrés
stretch,estirar
strict,estricto
strictly,estrictamente
strike,huelga
striking,llamativo
string,cadena
strip,banda
stroke,ataque
strong,fuerte
strongly,fuertemente
structural,estructural
structure,estructura
struggle,lucha
student,alumno
studio,estudio
study,estudiar
stuff,cosa
stumble,tropezón
stupid,estúpido
style,estilo
subject,sujeto
submit,entregar
subsequent,posterior
subsidy,subvención
substance,sustancia
substantial,sustancial
substantially,sustancialmente
subtle,sutil
suburb,suburbio
suburban,suburbano
succeed,tener éxito
success,éxito
successful,exitoso
successfully,exitosamente
such,semejante
suck,chupar
sudden,repentino
suddenly,de repente
sue,demandar
suffer,sufrir
suffering,sufrimiento
sufficient,suficiente
sugar,azúcar
suggest,sugerir
suggestion,sugerencia
suicide,suicidio
suit,traje
suitable,adecuado
suite,suite
sum,suma
summary,resumen
summer,verano
summit,cumbre
sun,sol
sunlight,luz del sol
sunny,soleado
super,súper
superior,superior
supermarket,supermercado
supervisor,supervisor
supplier,proveedor
supply,suministrar
support,apoyo
supporter,seguidor
supportive,solidario
suppose,suponer
supposed,supuesto
supposedly,según cabe suponer
sure,seguro
surely,seguramente
surface,superficie
surgeon,cirujano
surgery,cirugía
surprise,sorpresa
surprised,sorprendido
surprising,sorprendente
surprisingly,asombrosamente
surround,rodear
surrounding,circundante
surveillance,vigilancia
survey,encuesta
survival,supervivencia
survive,sobrevivir
survivor,sobreviviente
suspect,sospechar
suspend,suspender
suspicion,sospecha
suspicious,sospechoso
sustain,sostener
sustainable,sostenible
swallow,tragar
swear,jurar
sweat,sudor
sweater,suéter
sweep,barrer
sweet,dulce
swell,hinchar
swim,nadar
swimming,nadar
swing,balancearse
switch,cambiar
sword,espada
symbol,símbolo
symbolic,simbólico
sympathy,compasión
symptom,síntoma
syndrome,síndrome
system,sistema
table,mesa
tablespoon,cucharada
tackle,abordar
tactic,táctica
tag,etiqueta
tail,cola
take,llevar
tale,cuento
talent,talento
talented,talentoso
talk,hablar
tall,alto
tank,tanque
tap,grifo
tape,cinta
target,objetivo
task,tarea
taste,gusto
tax,impuesto
taxpayer,contribuyente
tea,té
teach,enseñar
teacher,maestro
teaching,enseñanza
team,equipo
teammate,compañero de equipo
tear,lágrima
teaspoon,cucharilla
technical,técnico
technician,técnico
technique,técnica
technological,tecnológico
technology,tecnología
teen,adolescente
teenage,joven
teenager,adolescente
telephone,teléfono
telescope,telescopio
television,televisión
tell,decir
temperature,temperatura
temple,templo
temporary,temporario
ten,diez
tend,tender
tendency,tendencia
tender,licitación
tennis,tenis
tension,tensión
tent,carpa
term,término
terms,términos
terrain,terreno
terrible,horrible
terribly,terriblemente
terrific,fantástico
territory,territorio
terror,terror
terrorism,terrorismo
terrorist,terrorista
test,prueba
testify,testificar
testimony,testimonio
testing,pruebas
text,texto
textbook,libro de texto
texture,textura
than,que
thank,agradecer
thanks,gracias
that,eso
the,el
theater,teatro
their,su
them,a ellos
theme,tema
themselves,ellos mismos
then,entonces
theological,teológico
theology,teología
theoretical,teorético
theory,teoría
therapist,terapeuta
therapy,terapia
there,allá
thereby,así
therefore,por lo tanto
these,estos
they,ellos
thick,grueso
thigh,hermético
thin,delgado
thing,cosa
think,pensar
thinking,pensamiento
third,tercero
thirty,treinta
this,este
thoroughly,minuciosamente
those,aquellos
though,aunque
thought,pensamiento
thousand,mil
thread,hilo
threat,amenaza
threaten,amenazar
three,tres
threshold,límite
thrive,prosperar
throat,garganta
through,a través de
throughout,a lo largo de
throw,tirar
thumb,pulgar
thus,de este modo
ticket,boleto
tide,marea
tie,atar
tight,ajustado
tighten,apretar
tightly,estrechamente
tile,teja
till,hasta
timber,madera
time,tiempo
timing,momento
tiny,diminuto
tip,consejo
tire,neumático
tired,cansado
tissue,tejido
title,título
to,a
tobacco,tabaco
today,hoy
toe,dedo del pie
together,juntos
toilet,baño
tolerance,tolerancia
tolerate,tolerar
toll,peaje
tomato,tomate
tomorrow,mañana
tone,tono
tongue,lengua
tonight,esta noche
too,también
tool,herramienta
tooth,diente
top,arriba
topic,tema
toss,sacudida
total,total
totally,totalmente
touch,tocar
touchdown,aterrizaje
tough,difícil
tour,recorrido
tourism,turismo
tourist,turístico
tournament,torneo
toward,hacia
towards,hacia
towel,toalla
tower,torre
town,ciudad
toxic,tóxico
toy,juguete
trace,rastro
track,pista
trade,comercio
trading,comercio
tradition,tradición
traditional,tradicional
traditionally,tradicionalmente
traffic,tráfico
tragedy,tragedia
tragic,trágico
trail,camino
trailer,tráiler
train,tren
trainer,entrenador
training,capacitación
trait,rasgo
transaction,transacción
transfer,transferir
transform,transformar
transformation,transformación
transit,tránsito
transition,transición
translate,traducir
translation,traducción
transmission,transmisión
transmit,transmitir
transport,transporte
transportation,transporte
trap,trampa
trash,basura
trauma,trauma
travel,viajar
traveler,viajero
tray,bandeja
treasure,tesoro
treat,tratar
treatment,tratamiento
treaty,tratado
tree,árbol
tremendous,enorme
trend,tendencia
trial,ensayo
tribal,tribal
tribe,tribu
trick,truco
trigger,desencadenar
trim,recortar
trip,viaje
triumph,triunfo
troop,tropa
tropical,tropical
trouble,problema
troubled,preocupado
truck,camión
true,verdadero
truly,realmente
trunk,trompa
trust,confianza
truth,verdad
try,intentar
tube,tubo
tuck,pliegue
tumor,tumor
tune,melodía
tunnel,túnel
turkey,pavo
turn,doblar
twelve,doce
twentieth,vigésimo
twenty,veinte
twice,dos veces
twin,mellizo
twist,girar
two,dos
two-thirds,dos tercios
type,tipo
typical,típico
typically,típicamente
ugly,feo
uh,oh
ultimate,último
ultimately,al final
unable,incapaz
uncertain,incierto
uncertainty,incertidumbre
uncle,tío
uncomfortable,incómodo
uncover,descubrir
under,bajo
undergo,someterse
undergraduate,de licenciatura
underlying,subyacente
undermine,socavar
understand,entender
understanding,comprensión
undertake,emprender
unemployment,desempleo
unexpected,inesperado
unfair,injusto
unfold,desplegar
unfortunately,desafortunadamente
unhappy,infeliz
uniform,uniforme
union,unión
unique,único
unit,unidad
unite,unir
unity,unidad
universal,universal
universe,universo
university,universidad
unknown,desconocido
unless,a menos que
unlike,a diferencia de
unlikely,improbable
unprecedented,sin precedentes
until,hasta
unusual,inusual
up,arriba
update,actualizar
upon,al
upper,superior
upset,decepcionado
upstairs,piso superior
urban,urbano
urge,urgir
us,a nosotros
use,usar
used,usado
useful,útil
user,usuario
usual,habitual
usually,generalmente
utility,utilidad
utilize,utilizar
vacation,vacaciones
vaccine,vacuna
vacuum,vacío
valid,válido
validity,validez
valley,valle
valuable,valioso
value,valor
van,furgoneta
vanish,desaparecer
variable,variable
variation,variación
variety,variedad
various,varios
vary,variar
vast,vasto
vegetable,verdura
vehicle,vehículo
vendor,proveedor
venture,empresa
verbal,verbal
verdict,veredicto
version,versión
versus,versus
vertical,vertical
very,muy
vessel,buque
veteran,veterano
via,a través de
victim,víctima
victory,victoria
video,video
view,vista
viewer,espectador
village,aldea
violate,violar
violation,violación
violence,violencia
violent,violento
virtual,virtual
virtually,prácticamente
virtue,virtud
virus,virus
visible,visible
vision,visión
visit,visita
visitor,visitante
visual,visual
vital,vital
vitamin,vitamina
vocal,vocal
voice,voz
volume,volumen
voluntary,voluntario
volunteer,voluntario
vote,votar
voter,votante
voting,votación
vs,vs
vulnerable,vulnerable
wage,salario
wagon,vagón
waist,cintura
wait,esperar
wake,despertar
walk,caminar
walking,caminando
wall,muro
wander,deambular
want,desear
war,guerra
warehouse,depósito
warm,cálido
warmth,calor
warn,advertir
warning,advertencia
warrior,guerrero
wash,lavar
waste,desperdiciar
watch,mirar
water,agua
wave,ola
way,forma
we,nosotros
weak,débil
weaken,debilitar
weakness,debilidad
wealth,poder
wealthy,adinerado
weapon,arma
wear,tener puesto
weather,clima
weave,tejer
web,web
wedding,boda
weed,hierba
week,semana
weekend,fin de semana
weekly,semanalmente
weigh,pesar
weight,peso
weird,extraño
welcome,bienvenido
welfare,bienestar
well,Bueno
well-being,bienestar
well-known,bien conocido
west,Oeste
western,occidental
wet,húmedo
whale,ballena
what,qué
whatever,lo que
wheat,trigo
wheel,rueda
wheelchair,silla de ruedas
when,cuando
whenever,cuando sea
where,dónde
whereas,mientras
wherever,lo que sea
whether,si
which,cual
while,mientras
whip,látigo
whisper,susurro
white,blanco
who,OMS
whoever,quien
whole,entero
whom,a quien
whose,cuyo
why,por qué
wide,ancho
widely,ampliamente
widespread,generalizado
widow,viuda
wife,esposa
wild,salvaje
wilderness,desierto
wildlife,fauna
will,voluntad
willing,deseoso
willingness,voluntad
win,ganar
wind,viento
window,ventana
wine,vino
wing,ala
winner,ganador
winter,invierno
wipe,limpiar
wire,cable
wisdom,sabiduría
wise,inteligente
wish,desear
with,con
withdraw,retirar
withdrawal,retiro
within,dentro
without,sin
witness,testigo
wolf,lobo
woman,mujer
wonder,preguntarse
wonderful,maravilloso
wood,madera
wooden,de madera
word,palabra
work,trabajar
worker,obrero
working,laboral
workout,ejercicio
workplace,lugar de trabajo
works,obras
workshop,taller
world,mundo
worldwide,mundial
worried,preocupado
worry,preocuparse
worth,valer
would,quería
wound,herida
wow,Guau
wrap,envoltura
wrist,muñeca
write,escribir
writer,escritor
writing,escribiendo
written,escrito
wrong,equivocado
yard,patio
yeah,sí
year,año
yell,gritar
yellow,amarillo
yes,Sí
yesterday,ayer
yet,todavía
yield,producir
you,tú
young,joven
youngster,joven
your,su
yours,tuyo
yourself,tú mismo
youth,juventud
zone,zona